{
    "num_layers": 3,
    "units_0": 640,
    "dropout_0": 0.2,
    "l2_reg_0": 1.4462145785911854e-05,
    "learning_rate": 0.0063448376059836616,
    "momentum": 0.7
}