{
    "num_layers": 3,
    "units_0": 384,
    "dropout_0": 0.4,
    "l2_reg_0": 1.724256804442743e-05,
    "learning_rate": 0.0025446456816680557,
    "momentum": 0.8999999999999999
}