{
    "num_layers": 3,
    "units_0": 768,
    "dropout_0": 0.2,
    "l2_reg_0": 2.096548803689102e-05,
    "learning_rate": 0.0035245953027781677,
    "momentum": 0.7999999999999999
}